specimen_id,d_mean_mm,v1_mm,v2_mm,v3_mm,E_mean_MPa,E_std_MPa,CV_pct
1,5.0,11.1,10.9,11.3,14.1994,0.25589,1.802
2,5.01,11.3,11.1,11.5,13.7646,0.24366,1.77
3,4.973,11.0,11.2,10.8,14.565,0.26486,1.818
4,4.977,11.8,11.6,11.9,13.5931,0.17719,1.304
5,4.907,11.4,11.2,11.6,14.841,0.26041,1.755
6,4.963,11.5,11.3,11.7,14.0815,0.24493,1.739
